"Total, all occupations","Minimum level of education required, all levels","408,125E","451,925A","407,865A","358,755A","330,215A","391,190A","404,860A","381,010A","387,080A","459,685A","467,395A","469,360A","461,845A","546,820A","550,670A","547,330A","506,140A","581,595A","562,910A","508,590A","512,760A","..","..","560,215A","553,480A","731,905A","912,580A","915,545A","890,385A","1,031,955A","991,680A","855,890A","781,205A","818,195A","737,530A"
"Total, all occupations","No minimum level of education required","..","162,635A","156,215A","134,205A","101,705A","135,060A","140,630A","121,955A","124,530A","162,260A","164,935A","172,285A","149,930A","195,585A","193,470A","188,475A","158,425A","201,895A","197,365A","172,520A","157,755A","..","..","188,860A","160,385A","260,555A","350,830A","350,715A","301,520A","394,465A","375,205A","300,010A","242,950A","279,695A","240,625A"
"Total, all occupations","High school diploma or equivalent","..","129,790A","112,300A","94,560A","91,655A","106,680A","111,920A","118,605A","111,880A","132,470A","133,375A","130,545A","137,380A","155,260A","155,130A","155,585A","143,250A","160,575A","156,190A","135,685A","132,235A","..","..","138,640A","143,825A","183,785A","232,030A","218,880A","215,140A","241,555A","229,110A","196,585A","190,790A","195,975A","174,320A"
"Total, all occupations","Non-university certificate or diploma","..","96,280A","81,655A","77,325A","81,630A","89,460A","86,405A","82,085A","90,275A","97,785A","100,620A","98,130A","104,075A","118,355A","120,375A","120,660A","120,190A","133,210A","125,820A","117,335A","130,605A","..","..","143,325A","147,275A","167,420A","201,385A","211,650A","228,910A","239,120A","241,255A","216,925A","213,040A","212,720A","198,615A"
"Total, all occupations","University certificate or diploma below bachelor's level","..","15,390A","12,840A","11,040A","13,500A","13,520A","14,030A","12,365A","13,230A","14,890A","15,500A","15,145A","14,825A","16,930A","17,295A","17,235A","17,285A","16,715A","15,090A","14,210A","18,025A","..","..","17,475A","20,610A","26,715A","27,080A","28,145A","30,040A","33,315A","29,265A","28,900A","27,215A","26,810A","24,895A"
"Total, all occupations","Bachelor's degree","..","39,750A","37,410A","34,305A","34,530A","38,700A","43,460A","37,340A","39,485A","43,895A","44,995A","45,020A","46,005A","50,755A","54,705A","54,725A","56,225A","56,560A","58,090A","57,825A","61,040A","..","..","57,385A","65,700A","75,210A","82,250A","85,050A","92,910A","99,630A","94,795A","90,910A","85,300A","81,725A","79,155A"
"Total, all occupations","University certificate, diploma or degree above the bachelor's level","..","8,075A","7,440B","7,320B","7,190A","7,770A","8,415A","8,655B","7,685B","8,390A","7,975A","8,235A","9,630A","9,935A","9,695A","10,645A","10,760A","12,645A","10,355A","11,020A","13,100A","..","..","14,525A","15,685A","18,220A","19,010A","21,105A","21,865A","23,870A","22,045A","22,565A","21,910A","21,270A","19,920A"
"Management occupations","Minimum level of education required, all levels","24,620E","24,100B","23,910A","22,055A","24,290A","22,740A","26,905A","23,675A","23,600A","25,285A","24,610A","24,835A","26,275A","25,070A","28,065A","28,570A","28,315A","29,035A","29,460A","27,305A","28,985A","..","..","25,425A","29,555A","33,625A","38,840A","39,750A","41,645A","46,935A","44,580A","41,025A","39,585A","37,965A","35,185A"
"Management occupations","No minimum level of education required","..","F","1,850C","1,520C","1,810C","1,650C","2,205B","1,930C","2,270D","1,975C","2,145C","3,790C","4,390B","2,835B","3,375B","3,995B","3,430B","3,250B","4,055B","2,835B","2,735B","..","..","2,520C","2,695B","2,600B","4,635B","5,180B","4,780B","5,465B","6,100B","5,015B","4,160B","4,595B","4,085B"
"Management occupations","High school diploma or equivalent","..","4,430B","5,385B","4,395B","4,260C","4,270B","4,475B","4,515B","3,760B","3,860B","4,150B","3,515B","4,730C","3,955B","4,800B","4,500B","4,870B","4,800B","4,900B","5,000B","4,675B","..","..","4,110B","4,740B","6,145B","7,860B","6,970B","6,710B","8,695B","7,925B","7,425B","7,300B","6,570B","6,035B"
"Management occupations","Non-university certificate or diploma","..","4,605B","4,850B","4,595B","5,705C","4,150B","5,035B","3,965B","5,550B","6,075B","5,155A","4,285B","4,525B","4,665B","5,825A","5,850B","5,810B","5,695B","5,995A","5,290B","5,420B","..","..","4,940B","5,190A","6,025B","7,235A","7,315A","8,915A","9,315A","9,375B","7,865A","7,865A","7,335A","6,875B"
"Management occupations","University certificate or diploma below bachelor's level","..","2,285B","2,350B","2,075B","2,710B","2,565B","2,520B","2,520B","2,140B","2,390B","2,205B","2,720B","2,370B","2,835B","2,385B","2,915B","2,770B","2,855B","2,705B","2,270B","3,170B","..","..","2,410B","2,780B","4,240B","3,380B","3,855B","3,915B","4,465B","3,960B","3,625B","3,690B","3,270B","2,970B"
"Management occupations","Bachelor's degree","..","8,355B","8,000A","8,115B","8,170A","8,715A","10,845B","8,465A","8,460A","9,210A","9,380A","9,105A","8,650A","9,165A","9,820A","9,585A","9,495A","10,635A","9,925A","10,170A","10,605A","..","..","9,430A","11,400A","11,760A","12,725A","12,980A","13,715A","15,160A","13,780A","13,035A","12,950A","12,835A","12,310A"
"Management occupations","University certificate, diploma or degree above the bachelor's level","..","1,825C","1,470C","1,355C","1,635C","1,385B","1,825B","2,280B","1,420B","1,775C","1,575B","1,420B","1,610B","1,615B","1,860B","1,725B","1,940B","1,800B","1,880B","1,735B","2,375B","..","..","2,015B","2,745C","2,850B","3,010B","3,450B","3,615B","3,830B","3,440B","4,060C","3,620B","3,360B","2,910B"
"Business, finance and administration occupations","Minimum level of education required, all levels","42,955E","44,895A","40,205A","35,355A","39,385A","39,605A","48,870A","42,455A","47,540A","49,230A","50,715A","53,930A","56,550A","55,880A","58,105A","60,520A","58,725A","60,705A","57,925A","55,820A","61,535A","..","..","60,870A","64,155A","79,360A","92,525A","94,215A","102,715A","107,765A","104,840A","96,835A","88,535A","88,210A","78,910A"
"Business, finance and administration occupations","No minimum level of education required","..","6,385D","4,380B","3,685B","3,060B","4,245B","7,655D","4,545B","5,365D","4,165B","5,840B","7,420B","6,420B","7,905A","7,175B","6,250B","6,470B","6,750B","8,040B","6,480B","6,190B","..","..","9,000C","5,425C","8,405B","11,430C","12,805B","13,170B","16,400B","17,320B","13,615C","11,280B","12,515C","13,090B"
"Business, finance and administration occupations","High school diploma or equivalent","..","13,820A","12,745A","10,065A","11,585B","11,500A","13,600B","13,500A","14,430B","14,390A","16,065A","15,425B","19,265A","16,410A","18,415A","18,140B","17,155A","18,755A","16,765A","17,080B","19,430A","..","..","19,695B","20,560B","24,275B","29,190C","28,675B","29,345B","30,970B","30,265B","29,435B","26,515A","27,405A","24,120A"
"Business, finance and administration occupations","Non-university certificate or diploma","..","13,325A","12,060A","11,895A","14,655B","13,035A","15,490A","13,905A","16,680B","17,860A","15,800A","17,375B","16,665A","17,425A","16,990A","19,235A","17,905A","19,170A","17,265A","17,400A","19,090A","..","..","17,885B","20,680B","24,305B","26,630B","27,665A","32,175B","31,125B","29,845B","27,910B","28,075A","26,895A","22,640A"
"Business, finance and administration occupations","University certificate or diploma below bachelor's level","..","3,405B","3,170B","2,520B","3,080B","3,230B","2,675B","2,950B","3,260B","3,655B","3,535B","3,925B","4,065B","4,115B","4,665B","4,475B","4,355B","4,450B","4,120B","3,565B","4,130B","..","..","4,135C","5,070B","6,885B","7,035C","7,295B","6,935B","7,605B","7,225B","6,225C","6,085B","5,885B","5,205B"
"Business, finance and administration occupations","Bachelor's degree","..","7,215B","6,945B","6,190B","6,385B","6,815A","8,525A","6,770A","7,105A","8,355A","8,920A","9,020B","9,180B","9,530A","10,265A","11,535B","11,850A","10,705A","10,975A","10,715A","11,640A","..","..","9,355B","10,910B","13,645B","15,595B","15,875B","19,000B","19,070B","18,085B","17,635B","15,085A","13,770A","12,390B"
"Business, finance and administration occupations","University certificate, diploma or degree above the bachelor's level","..","750C","910C","1,005D","615D","775C","920C","780C","710C","805C","565C","765D","960C","500D","595C","895D","990D","875C","760C","575D","1,055B","..","..","800D","1,510C","1,840D","2,650D","1,905C","2,090C","2,595C","2,100C","2,010C","1,490C","1,740C","1,465C"
"Natural and applied sciences and related occupations","Minimum level of education required, all levels","26,955E","30,190A","24,570A","23,110A","24,100A","25,800A","27,845A","24,390A","26,835A","30,870A","31,490A","30,945A","34,915A","39,550A","39,390A","40,625A","44,370A","43,280A","38,720A","39,970A","44,670A","..","..","39,465A","48,205A","54,245A","61,075A","66,490A","69,600A","77,920A","66,835A","58,465A","57,130A","51,740A","44,100A"
"Natural and applied sciences and related occupations","No minimum level of education required","..","1,815D","1,675D","1,465D","1,115D","1,335C","725D","925E","1,015D","1,290D","1,120D","1,065C","1,515C","2,675B","1,520C","1,350B","1,810D","1,050C","2,365B","1,715C","1,150D","..","..","980D","2,645D","3,900B","3,135C","3,080C","3,145B","4,695C","3,515C","2,910B","2,445C","2,520C","1,680D"
"Natural and applied sciences and related occupations","High school diploma or equivalent","..","4,210C","2,550C","2,165C","2,960C","2,905C","2,845C","1,765B","1,980C","2,825B","2,760B","2,545B","3,060B","2,770B","2,705B","3,355B","3,825C","3,540B","3,370B","3,205B","3,430B","..","..","3,230B","4,150B","4,465B","5,210B","5,145B","5,690B","4,665B","5,450B","3,930B","6,285B","4,925B","3,315B"
"Natural and applied sciences and related occupations","Non-university certificate or diploma","..","10,700B","7,785B","7,700B","7,525B","8,580A","9,250A","7,805A","9,835A","10,700A","11,060B","10,475A","12,485B","13,060B","13,495A","13,750A","15,370A","15,745A","11,570A","12,190A","14,130A","..","..","11,860A","15,100A","16,365A","19,580A","19,465A","22,210A","23,345A","20,905A","17,435A","17,100A","17,055A","14,980A"
"Natural and applied sciences and related occupations","University certificate or diploma below bachelor's level","..","2,825B","2,380B","2,040C","2,550B","2,675B","3,085B","2,375D","2,475B","2,570B","3,270D","3,050B","3,035B","4,280B","3,545B","3,990B","4,480B","3,430B","2,800B","3,380B","4,535B","..","..","3,745B","4,375B","5,400B","5,490B","5,945B","6,670B","7,180B","5,535B","4,995B","4,945B","4,515B","4,665B"
"Natural and applied sciences and related occupations","Bachelor's degree","..","9,790B","9,020B","8,660B","9,120B","9,270A","10,725A","10,205A","10,505B","12,395A","11,875A","12,620A","13,780A","15,375A","16,970A","16,905A","17,220A","17,010A","17,310A","17,525A","19,180A","..","..","17,680B","19,760A","21,415A","24,530A","29,200A","28,320A","34,650A","28,550A","26,340A","23,815A","20,490A","17,710A"
"Natural and applied sciences and related occupations","University certificate, diploma or degree above the bachelor's level","..","855C","1,160D","1,075C","830D","1,030C","1,220C","1,310C","1,030C","1,090C","1,405D","1,195B","1,045C","1,390D","1,160B","1,275C","1,665C","2,505D","1,305C","1,950C","2,250C","..","..","1,975C","2,175C","2,705C","3,130B","3,665B","3,565B","3,380B","2,875B","2,855B","2,535B","2,235C","1,750C"
"Health occupations","Minimum level of education required, all levels","22,850E","23,185A","21,200A","20,935A","22,650A","24,205A","22,940A","22,150A","24,800A","26,305A","27,465A","27,425A","29,975A","36,110A","35,425A","34,190A","37,665A","41,460A","40,340A","37,475A","43,390A","..","..","65,435A","63,660A","72,005A","79,675A","78,570A","82,830A","82,130A","96,620A","92,515A","92,180A","89,955A","91,930A"
"Health occupations","No minimum level of education required","..","600D","785D","490D","475D","635E","575D","575D","660D","805D","955C","660C","1,080C","1,140C","1,305C","1,310C","1,455E","1,830D","1,875E","1,440E","1,095E","..","..","1,395D","1,885D","2,035E","3,035C","3,275C","2,980D","2,430C","3,095C","2,220D","2,315D","2,310D","1,690D"
"Health occupations","High school diploma or equivalent","..","2,055C","2,100C","2,040B","2,370C","2,020C","2,135B","1,955B","1,565B","2,320C","3,060B","2,885B","3,350C","3,510C","2,960B","2,990B","3,290B","3,515B","3,910B","3,305B","3,820B","..","..","5,115D","4,945C","6,545D","7,885E","5,700B","6,345C","5,760B","6,735B","6,190C","5,420C","4,380C","4,800C"
"Health occupations","Non-university certificate or diploma","..","12,930B","11,635B","11,900A","13,365B","13,940A","13,455A","13,545A","14,325B","15,500A","15,560A","16,405A","16,535A","21,185A","20,440A","20,040A","23,150A","24,915A","22,120A","21,030A","25,805A","..","..","40,975C","36,490B","39,180C","45,090B","46,160B","47,600B","47,505A","58,200A","52,740C","53,225B","52,700B","51,830C"
"Health occupations","University certificate or diploma below bachelor's level","..","1,800C","1,340C","1,235C","1,215C","1,125C","1,060B","925C","1,435C","1,875B","1,910B","1,230B","1,770B","1,960B","1,710B","1,485B","1,500B","1,780B","1,730B","1,425B","1,765B","..","..","3,110D","3,620C","4,055D","3,905B","4,725B","4,820C","6,120B","5,915B","7,215C","5,415C","5,685C","5,355C"
"Health occupations","Bachelor's degree","..","4,580B","4,075B","3,875B","3,830B","4,845B","4,495B","4,180B","5,445C","4,435A","4,500A","4,430B","5,160A","6,185A","6,430A","6,235A","6,105A","6,890A","8,455A","7,600A","8,145A","..","..","10,245C","12,350B","15,065C","15,285B","12,585B","15,495B","13,955B","15,885A","17,105C","19,105B","18,210B","21,100C"
"Health occupations","University certificate, diploma or degree above the bachelor's level","..","1,220C","1,265C","1,390C","1,390C","1,640C","1,230B","975C","1,375D","1,370C","1,480C","1,810B","2,085B","2,130B","2,575B","2,125B","2,165B","2,530B","2,255B","2,675B","2,760B","..","..","4,590D","4,370C","5,130D","4,480B","6,125B","5,590C","6,365B","6,790B","7,040C","6,700C","6,670C","7,155C"
"Occupations in education, law and social, community and government services","Minimum level of education required, all levels","21,335E","20,520A","19,065A","18,590A","18,555A","20,910A","21,620A","20,080A","20,655A","25,015A","26,915A","26,030A","28,230A","32,475A","35,190A","33,280A","33,620A","35,505A","34,260A","33,420A","36,040A","..","..","42,300A","44,005A","49,300A","50,475A","60,095A","66,975A","69,660A","64,730A","64,280A","64,035A","66,610A","63,225A"
"Occupations in education, law and social, community and government services","No minimum level of education required","..","1,315C","1,000C","1,060C","1,415C","1,015C","855C","980C","1,140C","1,330C","1,920C","1,535C","1,400C","2,295C","2,405C","2,055C","1,755C","2,835C","2,125B","1,925C","2,440C","..","..","3,045B","3,920D","3,280B","3,375B","4,750B","4,410B","5,260B","5,795B","5,365B","4,870B","5,240B","4,740B"
"Occupations in education, law and social, community and government services","High school diploma or equivalent","..","3,230B","3,130B","3,500B","3,160B","4,080D","3,300B","2,855B","3,605B","4,345B","4,910B","5,485B","4,670B","5,555C","6,930B","6,135B","6,345C","5,365B","6,090B","4,875B","5,665B","..","..","7,350B","7,670B","9,310B","10,495B","11,385B","12,300B","13,875B","12,660B","12,525B","12,745B","11,605B","11,400B"
"Occupations in education, law and social, community and government services","Non-university certificate or diploma","..","7,735B","7,280B","7,375B","7,060B","7,910B","7,780B","8,005B","7,620B","9,160B","9,340B","9,185B","11,720B","12,790B","12,695B","12,465A","12,525B","13,445A","13,780A","13,940A","14,760A","..","..","17,940A","17,540B","19,275A","19,340A","25,790B","28,395B","28,380A","25,130A","24,365A","25,405A","26,470A","25,495A"
"Occupations in education, law and social, community and government services","University certificate or diploma below bachelor's level","..","1,780D","1,245C","1,060C","1,375C","1,410C","1,910C","1,280C","1,685C","1,740B","1,995B","1,785C","1,575B","1,655B","2,675B","1,835B","2,080B","2,030B","1,785B","1,830C","2,320C","..","..","2,085C","2,655B","3,465B","3,905B","3,415B","4,580B","4,545B","3,945B","4,025B","3,860C","4,855B","4,315B"
"Occupations in education, law and social, community and government services","Bachelor's degree","..","3,930B","4,235B","3,565B","3,260B","4,055B","4,895B","4,135B","4,245A","5,350A","6,130A","5,435A","5,520A","6,120B","7,105A","6,310B","7,175A","7,045A","6,480A","7,020A","6,465A","..","..","7,045A","7,510A","8,535B","8,335A","9,240A","10,700A","10,465A","10,795A","11,765A","10,110A","11,515A","10,840A"
"Occupations in education, law and social, community and government services","University certificate, diploma or degree above the bachelor's level","..","2,530B","2,170B","2,035B","2,290B","2,445B","2,885B","2,825B","2,360B","3,095A","2,625A","2,605B","3,340A","4,055B","3,375A","4,475B","3,740B","4,790B","4,000B","3,835A","4,390A","..","..","4,830A","4,710B","5,430B","5,020B","5,520B","6,595B","7,135B","6,405B","6,235B","7,040B","6,930A","6,435B"
"Occupations in art, culture, recreation and sport","Minimum level of education required, all levels","9,760E","13,020C","6,640B","6,560B","7,565B","10,520B","8,160B","7,985B","10,930B","14,525B","8,895B","8,415B","10,305A","12,170A","10,185B","10,600A","12,770B","13,725B","11,805B","10,375B","11,735A","..","..","8,140B","11,015B","14,415B","16,450B","16,060B","16,285A","22,905A","15,485B","14,465B","15,080A","15,795A","12,025A"
"Occupations in art, culture, recreation and sport","No minimum level of education required","..","F","2,070B","2,080C","2,205C","3,235B","2,190D","2,235B","4,320D","5,570C","2,630B","2,560B","3,090B","3,965B","3,580B","3,705B","4,960B","5,220B","3,700B","2,790B","3,550B","..","..","2,060C","2,335C","5,120C","4,980B","4,150B","5,120B","7,465B","4,675B","4,425C","4,360B","5,860B","4,040B"
"Occupations in art, culture, recreation and sport","High school diploma or equivalent","..","3,515C","1,295D","1,210D","1,465B","2,780C","1,965C","2,110D","2,480C","3,795B","1,870C","1,680C","2,550C","2,865B","2,460D","2,105C","2,645D","3,320C","3,260C","2,275B","2,365C","..","..","1,525D","3,045C","3,370C","3,200D","3,135D","2,615B","4,910B","3,155C","2,475C","4,045C","3,545B","2,615C"
"Occupations in art, culture, recreation and sport","Non-university certificate or diploma","..","3,330C","2,215B","2,100C","2,850D","3,140B","2,255C","2,350C","2,630B","3,185B","2,770B","2,290C","3,175B","3,445B","2,600B","3,100B","3,275B","3,310B","3,105C","3,725D","3,565B","..","..","3,060B","3,890C","3,680B","5,310B","6,095B","5,550B","6,765B","5,520B","5,605B","4,510B","4,115B","3,295B"
"Occupations in art, culture, recreation and sport","University certificate or diploma below bachelor's level","..","530D","440C","370D","375D","455D","580D","495C","575D","820D","475C","670D","425D","695D","585D","600D","645D","615D","480D","435D","475D","..","..","440D","700D","635C","1,130C","1,000C","925C","1,085C","535C","580D","615D","695D","515D"
"Occupations in art, culture, recreation and sport","Bachelor's degree","..","815D","510C","705D","550C","800C","1,025C","690C","825D","1,015C","955C","1,000C","910D","1,060D","870C","1,015C","1,090C","1,160C","1,175C","1,045C","1,620C","..","..","985C","945C","1,470C","1,400B","1,470B","1,865C","2,340C","1,345C","1,185C","1,265C","1,320C","1,425D"
"Occupations in art, culture, recreation and sport","University certificate, diploma or degree above the bachelor's level","..","230E","105D","F","120D","110D","140E","105D","100D","F","200E","220E","F","140D","90C","75C","F","105D","80C","110E","160D","..","..","70D","105C","135D","420E","210D","210D","340D","250E","195D","F","255E","135C"
"Sales and service occupations","Minimum level of education required, all levels","150,140E","162,655A","164,250A","143,590A","115,070A","142,840A","147,700A","141,805A","122,670A","165,920A","168,255A","174,990A","144,335A","187,520A","185,680A","191,920A","154,845A","196,040A","197,480A","178,010A","158,110A","..","..","175,760A","141,580A","224,620A","338,115A","324,175A","274,255A","351,690A","339,515A","279,790A","232,855A","261,010A","227,250A"
"Sales and service occupations","No minimum level of education required","..","85,015A","92,215A","81,360A","59,315A","75,470A","75,010A","65,730A","58,895A","88,200A","91,550A","96,800A","72,405A","98,430A","101,375A","101,640A","77,490A","102,890A","103,690A","94,950A","79,780A","..","..","98,750A","70,825A","131,330A","201,120A","197,300A","154,080A","213,195A","204,710A","167,605A","128,075A","150,980A","128,190A"
"Sales and service occupations","High school diploma or equivalent","..","54,620A","53,445A","45,450A","39,465A","48,830A","54,945A","60,490A","47,830A","59,585A","58,165A","60,460A","56,830A","69,445A","64,285A","70,120A","59,770A","72,250A","70,395A","63,660A","55,575A","..","..","58,365A","51,900A","70,915A","101,380A","95,505A","88,225A","102,895A","101,225A","81,155A","75,015A","80,525A","73,135A"
"Sales and service occupations","Non-university certificate or diploma","..","17,665A","14,375B","13,360B","13,225A","14,855A","14,290A","12,635A","13,315B","14,455B","14,440A","13,635A","11,605A","15,705A","16,325A","16,160A","13,990A","17,170A","18,930A","15,310A","18,430A","..","..","14,890B","15,340A","18,065B","29,585A","26,670A","26,660A","30,420B","28,615A","25,785A","24,895A","24,935A","21,345A"
"Sales and service occupations","University certificate or diploma below bachelor's level","..","1,850C","1,210D","1,300C","1,300C","1,330C","1,285D","1,005C","1,080C","1,540C","1,515C","1,540C","1,325D","1,100C","1,335C","1,670C","1,195C","1,270D","1,325C","1,095C","1,320C","..","..","1,440C","1,170C","1,720C","1,960B","1,475C","1,915B","1,840B","1,805C","1,905C","2,225B","1,565C","1,650C"
"Sales and service occupations","Bachelor's degree","..","3,215C","2,915D","2,080C","1,660C","2,185C","2,115C","1,670B","1,495C","2,040C","2,510B","2,425C","2,065B","2,765B","2,325B","2,300B","2,310B","2,430B","3,115B","2,890B","2,960B","..","..","2,160B","2,315B","2,510C","3,800B","3,070B","3,240B","3,180B","3,085B","3,210B","2,505B","2,955B","2,885B"
"Sales and service occupations","University certificate, diploma or degree above the bachelor's level","..","290E","95E","45E","F","170E","55E","F","F","F","F","F","F","80E","F","F","F","25E","20D","105E","F","..","..","155E","25E","F","275E","F","135E","165E","80E","125D","F","55E","F"
"Trades, transport and equipment operators and related occupations","Minimum level of education required, all levels","67,050E","68,630A","61,175A","51,025A","44,765B","52,860B","58,875B","55,690B","60,185B","73,010A","83,060A","79,805A","82,240A","102,160A","105,640A","98,560A","87,995A","105,210A","101,295A","83,960A","85,945A","..","..","92,740A","97,515A","131,520A","156,965A","158,840A","159,260A","188,090A","180,335A","150,375A","140,625A","149,710A","139,585A"
"Trades, transport and equipment operators and related occupations","No minimum level of education required","..","27,035B","27,035B","22,235B","17,055C","19,615B","27,330C","21,600B","25,210C","29,270A","33,090A","33,980B","31,835A","44,365A","43,960A","39,960A","34,685A","44,920A","41,340A","34,200A","35,010A","..","..","40,220A","38,930A","58,735A","70,425A","70,350A","66,465A","84,270A","80,125A","62,535A","53,740A","60,515A","55,620A"
"Trades, transport and equipment operators and related occupations","High school diploma or equivalent","..","21,890B","16,605A","13,970B","14,400B","14,850A","16,165A","16,995B","19,365B","25,430A","26,435B","24,160A","27,325A","31,495A","33,355A","32,290B","28,600A","30,385A","31,100A","24,175A","24,730A","..","..","23,735A","28,450A","36,175A","44,050A","41,410A","41,220A","46,950A","42,830A","37,055A","38,680B","40,405A","35,560A"
"Trades, transport and equipment operators and related occupations","Non-university certificate or diploma","..","19,555A","17,210A","14,600A","12,920B","18,210D","15,170A","16,875D","15,425A","18,060A","23,430A","21,485A","22,940A","26,105A","28,145A","26,210A","24,530A","29,730A","28,700A","25,385A","26,025A","..","..","28,475A","29,930A","36,325A","42,335A","46,795A","51,295A","56,275A","57,140A","50,360A","47,880A","48,410A","48,085A"
"Trades, transport and equipment operators and related occupations","University certificate or diploma below bachelor's level","..","F","F","F","F","F","F","100E","65D","120D","35E","70D","30E","60E","F","F","F","F","45D","F","65D","..","..","30E","F","140E","75E","F","125E","285E","F","F","F","150E","55D"
"Trades, transport and equipment operators and related occupations","Bachelor's degree","..","75D","115E","F","220E","115E","F","F","65D","125D","60C","105D","110C","F","125D","45C","75E","F","115D","180E","100E","..","..","225D","110E","F","75D","75D","155C","265E","120C","215E","190C","210C","250D"
"Trades, transport and equipment operators and related occupations","University certificate, diploma or degree above the bachelor's level","..","F","F","F","F","0","0","F","F","F","F","0","0","F","0","0","F","0","0","0","F","..","..","F","F","F","F","F","0","40E","F","F","F","F","F"
"Natural resources, agriculture and related production occupations","Minimum level of education required, all levels","18,995E","24,660B","15,150B","10,965B","11,590B","19,190B","13,640B","13,045B","14,605B","21,475B","17,375B","16,015B","20,065B","23,965A","20,600B","18,385B","20,065B","23,980A","19,985B","15,185B","16,375B","..","..","16,405B","18,935B","28,060A","23,870A","22,790A","24,045A","30,920A","24,120B","16,180A","17,755A","23,805A","16,070B"
"Natural resources, agriculture and related production occupations","No minimum level of education required","..","18,160B","11,325B","8,300C","8,400C","14,095B","10,610B","9,365B","9,620B","15,240B","13,420B","12,310B","14,695B","16,185B","13,675B","13,380B","13,355B","16,495B","15,050C","11,505B","12,555B","..","..","13,010B","12,960B","20,360B","17,205A","18,150B","17,085B","22,765A","18,635B","11,970B","12,765B","18,295B","12,120B"
"Natural resources, agriculture and related production occupations","High school diploma or equivalent","..","5,560B","3,320C","2,195D","2,740C","4,155C","2,625C","3,235E","4,335C","5,500B","3,535B","3,180B","4,825B","6,930B","5,930B","4,350B","5,705C","6,595B","4,160C","3,230C","3,150B","..","..","2,905C","5,270B","6,550B","4,905B","3,685B","5,460B","6,605B","4,250B","3,035B","3,960B","4,495B","3,130B"
"Natural resources, agriculture and related production occupations","Non-university certificate or diploma","..","860D","485D","410D","380D","765D","360D","405D","640D","680C","365D","455D","530D","780C","940E","625D","855C","805C","700D","375C","645D","..","..","475C","605C","1,080D","1,685C","925C","1,395C","1,480D","1,185C","1,140D","935C","960C","745C"
"Natural resources, agriculture and related production occupations","University certificate or diploma below bachelor's level","..","F","F","F","15E","F","F","F","10D","45D","10D","20E","5D","60E","15D","10E","F","F","F","40E","10D","..","..","10E","F","15D","F","F","F","F","F","20E","F","F","F"
"Natural resources, agriculture and related production occupations","Bachelor's degree","..","F","15D","F","F","F","20E","10E","0","10D","40D","F","5D","15E","35B","20D","F","F","F","30D","15D","..","..","5E","35D","55E","F","30D","65E","35E","35E","10D","40D","25D","50E"
"Natural resources, agriculture and related production occupations","University certificate, diploma or degree above the bachelor's level","..","0","5E","F","F","0","0","F","0","F","F","0","0","0","0","0","0","0","0","5E","F","..","..","F","F","0","0","0","F","5E","0A","0","F","F","0"
"Occupations in manufacturing and utilities","Minimum level of education required, all levels","19,970E","20,695A","18,820A","17,575B","13,910A","18,620A","20,810A","17,860A","20,650A","23,690A","26,400A","24,960A","25,450A","29,970A","30,120A","29,370A","26,415A","30,155A","30,640A","25,655B","24,295A","..","..","32,920A","34,060A","43,095A","53,625A","53,145A","51,830A","53,225A","51,245A","41,475A","33,040A","32,965A","28,900A"
"Occupations in manufacturing and utilities","No minimum level of education required","..","9,390B","9,155B","8,310B","5,320B","9,595B","10,535B","7,400B","9,710B","11,820B","11,910A","11,795B","12,285B","14,780A","14,825A","14,750B","12,825B","16,540B","15,020A","14,600B","12,765B","..","..","17,680A","18,635A","24,640A","31,290A","31,260A","30,200A","32,310A","31,110A","24,265A","18,890A","16,855A","15,355B"
"Occupations in manufacturing and utilities","High school diploma or equivalent","..","8,690B","7,940B","7,335B","7,160B","7,445B","8,485A","8,540B","9,030B","9,735A","11,915A","10,840A","10,295A","12,275A","12,945A","11,550A","10,940A","11,195A","12,045B","8,680B","9,280B","..","..","12,470B","12,980A","15,245A","17,565A","17,105A","16,965A","16,125A","14,475A","13,285B","10,715A","12,035A","10,165A"
"Occupations in manufacturing and utilities","Non-university certificate or diploma","..","2,320C","1,410C","1,615B","1,210B","1,295B","1,525B","1,620B","1,755B","1,780B","2,090B","2,135B","2,480B","2,650B","2,110B","2,785C","2,355B","2,130B","3,255D","1,925B","1,985B","..","..","2,570B","2,205B","2,825B","4,275B","4,310B","4,315B","4,235B","5,130B","3,470B","3,040B","3,660B","3,165B"
"Occupations in manufacturing and utilities","University certificate or diploma below bachelor's level","..","95E","115D","105D","70D","F","110E","160E","65E","F","F","95E","170E","55C","90D","105E","95C","115D","60D","135E","120D","..","..","50D","65E","90C","130D","185D","95D","160E","180D","100E","180D","165D","50C"
"Occupations in manufacturing and utilities","Bachelor's degree","..","200D","180E","200E","140C","185C","150C","145E","90E","235D","195E","95C","220B","205E","155B","175B","195C","175D","255D","305D","135D","..","..","145D","175D","285D","350D","280C","240C","390D","260C","340D","215C","245C","160B"
"Occupations in manufacturing and utilities","University certificate, diploma or degree above the bachelor's level","..","0","F","F","F","F","F","5D","0D","F","5E","0","0","0","0","0","5D","0E","0D","F","10E","..","..","F","F","F","15E","5E","10D","F","90E","10E","0E","F","5E"
"Unclassified occupations","Minimum level of education required, all levels","..","19,370B","12,890B","8,990C","8,330B","13,905C","F","F","14,610D","F","F","F","3,500B","F","2,275E","F","F","2,505E","1,000B","1,410E","F","..","..","750D","F","1,660B","F","1,410D","F","F","3,380C","F","F","F","F"
"Unclassified occupations","No minimum level of education required","..","5,720D","4,725B","3,700D","1,530E","4,170D","F","F","6,330E","F","F","F","F","F","F","F","F","F","F","F","F","..","..","F","F","F","F","F","F","F","125C","F","F","F","F"
"Unclassified occupations","High school diploma or equivalent","..","7,770D","3,785C","2,240C","2,090E","3,845D","F","F","F","F","F","F","F","F","F","F","F","F","F","F","F","..","..","F","F","790D","F","F","F","F","F","F","F","F","F"
"Unclassified occupations","Non-university certificate or diploma","..","3,260D","2,350B","1,790C","2,735E","3,585E","F","F","2,500E","F","F","F","F","F","F","F","F","1,095E","F","F","F","..","..","F","F","290E","F","F","F","F","F","F","F","F","F"
"Unclassified occupations","University certificate or diploma below bachelor's level","..","735D","405D","225D","F","530D","F","F","F","F","F","F","F","F","F","F","F","100E","F","F","F","..","..","F","F","F","F","F","F","F","F","F","F","0","F"
"Unclassified occupations","Bachelor's degree","..","1,540D","1,410C","765C","1,150E","1,585D","F","F","F","F","F","F","F","F","F","F","F","F","F","F","F","..","..","F","F","340E","F","F","F","F","2,855D","F","F","F","F"
"Unclassified occupations","University certificate, diploma or degree above the bachelor's level","..","355E","215D","275D","F","195E","F","F","F","F","F","F","F","F","F","F","F","F","F","F","F","..","..","F","F","F","F","F","F","F","F","F","90E","F","F"